{
  "total_profit_dollars": 651852.5,
  "total_trades": 22360,
  "total_days": 2045,
  "avg_trades_per_day": 10.93398533007335,
  "profit_per_day": 319.2225759059745,
  "profit_per_week": 1596.1128795298725,
  "profit_per_month": 6703.674094025465,
  "profit_per_year": 80444.08912830558,
  "profit_per_trade_mean": 29.15261627906977,
  "win_rate": 68.27389254167497,
  "wins": 10280,
  "losses": 4777,
  "break_even": 5624,
  "sharpe_ratio": 2.290981806215516,
  "sortino_ratio": 3.7277133749750853,
  "calmar_ratio": 2.307723284912987,
  "profit_factor": 1.2220760671024373,
  "risk_reward": 0.5619047462522597,
  "max_drawdown_dollars": 34807.5,
  "time_to_recovery_days": 196,
  "max_consecutive_losses": 23,
  "monthly_return_std_dev": 9400.981810216697,
  "median_pnl_per_trade": -2.5,
  "std_dev_pnl": 571.5355889960897,
  "var95": -1310.0,
  "cvar95": -1478.5344057193922,
  "skewness": -1.1965312444774336,
  "kurtosis": 0.5763956943264104
}